Material,Month,Year,Unit Price,Unit Price (x 1000),Rate Card Price,Unit Rate Card Price,Amount Doc Curr (Â£),Invoice Receipt Quantity,Difference,diff x quant
417750,1,2021,0.0584,58.44001538825758,60.6,0.0606,3949.61,67584,0.0022000000000000006,148.68480000000005
378928,1,2021,0.0175,17.46001059322034,17.32,0.0173,5933.61,339840,-0.00020000000000000226,-67.96800000000077
424498,1,2021,0.0175,17.45999588041431,17.32,0.0173,11867.21,679680,-0.00020000000000000226,-135.93600000000154
394733,1,2021,0.2883,288.32990196078435,287.65,0.2876,5881.93,20400,-0.0006999999999999784,-14.27999999999956
394733,1,2021,0.2883,288.32990196078435,287.65,0.2876,5881.93,20400,-0.0006999999999999784,-14.27999999999956
394734,1,2021,0.2937,293.739880952381,293.06,0.2931,4934.83,16800,-0.0005999999999999894,-10.079999999999822
394734,1,2021,0.2937,293.739880952381,293.06,0.2931,4934.83,16800,-0.0005999999999999894,-10.079999999999822
411567,1,2021,0.0271,27.11,26.88,0.0269,12687.48,468000,-0.0001999999999999988,-93.59999999999944
428891,1,2021,0.0271,27.11,26.88,0.0269,6343.74,234000,-0.0001999999999999988,-46.79999999999972
396399,1,2021,0.082,82.0201048951049,81.35,0.0813,2814.93,34320,-0.0007000000000000062,-24.02400000000021
394734,1,2021,0.2937,293.739880952381,293.06,0.2931,4934.83,16800,-0.0005999999999999894,-10.079999999999822
394734,1,2021,0.2937,293.7400793650794,293.06,0.2931,2960.9,10080,-0.0005999999999999894,-6.0479999999998935
402602,1,2021,0.1194,119.43993506493506,119.24,0.1192,4120.2,34496,-0.00020000000000000573,-6.899200000000198
402602,1,2021,0.1194,119.43994839315037,119.24,0.1192,10183.45,85260,-0.00020000000000000573,-17.05200000000049
428891,8,2021,0.0584,58.440212673611114,27.11,0.0271,1077.17,18432,-0.0313,-576.9216
428891,8,2021,0.0584,58.440212673611114,27.11,0.0271,1077.17,18432,-0.0313,-576.9216
428891,8,2021,0.0584,58.440104166666664,27.11,0.0271,1795.28,30720,-0.0313,-961.5360000000001
428891,12,2021,0.0584,58.440104166666664,27.11,0.0271,-1795.28,-30720,-0.0313,961.5360000000001
428891,12,2021,0.0584,58.440212673611114,27.11,0.0271,-1077.17,-18432,-0.0313,576.9216
428891,12,2021,0.0584,58.440212673611114,27.11,0.0271,-1077.17,-18432,-0.0313,576.9216
417750,4,2021,0.0584,58.44001538825758,60.6,0.0606,-3949.61,-67584,0.0022000000000000006,-148.68480000000005
411574,4,2021,0.0606,60.610054347826086,58.44,0.0584,1784.36,29440,-0.0022000000000000006,-64.76800000000001
411574,4,2021,0.0606,60.610054347826086,58.44,0.0584,-1784.36,-29440,-0.0022000000000000006,64.76800000000001
394734,1,2021,0.2937,293.739880952381,293.06,0.2931,4934.83,16800,-0.0005999999999999894,-10.079999999999822
425230,6,2021,0.0793,79.2831541218638,79,0.079,11325.44,142848,-0.0002999999999999947,-42.854399999999245
424498,10,2021,0.0698,69.84004237288136,17.46,0.0175,5933.61,84960,-0.0523,-4443.408
424498,10,2021,0.0698,69.84004237288136,17.46,0.0175,-5933.61,-84960,-0.0523,4443.408
417750,5,2021,0.0623,62.349934895833336,60.6,0.0606,1915.39,30720,-0.0017000000000000001,-52.224000000000004
394732,1,2021,0.271,271.0200980392157,270.35,0.2704,5528.81,20400,-0.0006000000000000449,-12.240000000000917
394732,1,2021,0.271,271.0200980392157,270.35,0.2704,5528.81,20400,-0.0006000000000000449,-12.240000000000917
394732,1,2021,0.271,271.0200980392157,270.35,0.2704,5528.81,20400,-0.0006000000000000449,-12.240000000000917
396399,1,2021,0.082,82.01995920745921,81.35,0.0813,5629.85,68640,-0.0007000000000000062,-48.04800000000042
428891,1,2021,0.0271,27.11,26.88,0.0269,12687.48,468000,-0.0001999999999999988,-93.59999999999944
402431,1,2021,0.0259,25.87003205128205,25.66,0.0257,3228.58,124800,-0.0001999999999999988,-24.959999999999848
411627,1,2021,0.0271,27.109986504723345,26.88,0.0269,3615.93,133380,-0.0001999999999999988,-26.67599999999984
417752,4,2021,0.0606,60.61009208937198,64.51,0.0645,3211.85,52992,0.0039000000000000007,206.66880000000003
417752,4,2021,0.0606,60.60992697010869,64.51,0.0645,2854.97,47104,0.0039000000000000007,183.70560000000003
417752,4,2021,0.0606,60.60992697010869,64.51,0.0645,2854.97,47104,0.0039000000000000007,183.70560000000003
417752,4,2021,0.0606,60.60992697010869,64.51,0.0645,-2854.97,-47104,0.0039000000000000007,-183.70560000000003
417752,4,2021,0.0606,60.60992697010869,64.51,0.0645,-2854.97,-47104,0.0039000000000000007,-183.70560000000003
417752,4,2021,0.0606,60.61009208937198,64.51,0.0645,-3211.85,-52992,0.0039000000000000007,-206.66880000000003
436805,6,2021,0.271,271.0200980392157,288.33,0.2883,5528.81,20400,0.017299999999999982,352.9199999999996
394732,6,2021,0.2883,288.32990196078435,271.02,0.271,5881.93,20400,-0.017299999999999982,-352.9199999999996
394732,6,2021,0.2883,288.32990196078435,271.02,0.271,-5881.93,-20400,-0.017299999999999982,352.9199999999996
411627,1,2021,0.0271,27.110001499475185,26.88,0.0269,18079.66,666900,-0.0001999999999999988,-133.3799999999992
378928,1,2021,0.0175,17.46001059322034,17.32,0.0173,5933.61,339840,-0.00020000000000000226,-67.96800000000077
424498,1,2021,0.0175,17.459997982243742,17.32,0.0173,20767.62,1189440,-0.00020000000000000226,-237.88800000000268
394732,1,2021,0.271,271.0201573254671,270.35,0.2704,5512.55,20340,-0.0006000000000000449,-12.204000000000914
394732,1,2021,0.271,271.0201573254671,270.35,0.2704,5512.55,20340,-0.0006000000000000449,-12.204000000000914
411567,1,2021,0.0271,27.11,26.88,0.0269,6343.74,234000,-0.0001999999999999988,-46.79999999999972
396399,1,2021,0.082,82.02003205128204,81.35,0.0813,11259.71,137280,-0.0007000000000000062,-96.09600000000084
394732,1,2021,0.271,271.0201573254671,270.35,0.2704,5512.55,20340,-0.0006000000000000449,-12.204000000000914
394732,1,2021,0.271,271.0200980392157,270.35,0.2704,5528.81,20400,-0.0006000000000000449,-12.240000000000917
394732,1,2021,0.271,271.0201573254671,270.35,0.2704,5512.55,20340,-0.0006000000000000449,-12.204000000000914
394732,1,2021,0.271,271.0201573254671,270.35,0.2704,5512.55,20340,-0.0006000000000000449,-12.204000000000914
394732,1,2021,0.271,271.0201573254671,270.35,0.2704,5512.55,20340,-0.0006000000000000449,-12.204000000000914
436806,1,2021,0.3149,314.9402628434887,314.27,0.3143,5272.1,16740,-0.0005999999999999894,-10.043999999999823
436806,1,2021,0.3149,314.9404761904762,314.27,0.3143,2645.5,8400,-0.0005999999999999894,-5.039999999999911
417748,5,2021,0.0589,58.91951099442074,58.44,0.0584,7181.11,121880,-0.0005000000000000004,-60.940000000000055
436805,8,2021,0.271,271.0200980392157,288.33,0.2883,-5528.81,-20400,0.017299999999999982,-352.9199999999996
417750,8,2021,0.0624,62.350260416666664,60.6,0.0606,1149.24,18432,-0.001799999999999996,-33.17759999999993
417750,8,2021,0.0624,62.350260416666664,60.6,0.0606,-1149.24,-18432,-0.001799999999999996,33.17759999999993
353701,1,2021,0.0592,59.162326388888886,66.42,0.0664,-136.31,-2304,0.007199999999999998,-16.588799999999996
411567,1,2021,0.0271,27.11,26.88,0.0269,25374.96,936000,-0.0001999999999999988,-187.19999999999888
421237,1,2021,0.028,28.02,27.79,0.0278,4917.51,175500,-0.00020000000000000226,-35.1000000000004
424499,1,2021,0.0271,27.110009496676163,26.88,0.0269,14273.42,526500,-0.0001999999999999988,-105.29999999999936
411567,1,2021,0.0271,27.110012210012208,26.88,0.0269,11101.55,409500,-0.0001999999999999988,-81.89999999999951
353672,1,2021,0.0347,34.71004273504274,34.43,0.0344,3248.86,93600,-0.00030000000000000165,-28.080000000000155
428891,1,2021,0.0271,27.11002849002849,26.88,0.0269,4757.81,175500,-0.0001999999999999988,-35.09999999999979
396399,1,2021,0.082,82.02000777000777,81.35,0.0813,8444.78,102960,-0.0007000000000000062,-72.07200000000064
353699,1,2021,0.1393,139.34002916998142,139.06,0.1391,8407.22,60336,-0.00020000000000000573,-12.067200000000346
411567,1,2021,0.0271,27.11,26.88,0.0269,34890.57,1287000,-0.0001999999999999988,-257.39999999999844
411567,1,2021,0.0271,27.11000502765209,26.88,0.0269,26960.9,994500,-0.0001999999999999988,-198.89999999999878
421237,1,2021,0.028,28.02,27.79,0.0278,1639.17,58500,-0.00020000000000000226,-11.700000000000133
421237,1,2021,0.028,28.02,27.79,0.0278,1639.17,58500,-0.00020000000000000226,-11.700000000000133
428713,1,2021,0.0273,27.349999999999998,27.12,0.0271,3610.2,132000,-0.00020000000000000226,-26.400000000000297
428713,1,2021,0.0273,27.349999999999998,27.12,0.0271,3938.4,144000,-0.00020000000000000226,-28.800000000000324
394732,1,2021,0.271,271.0200980392157,270.35,0.2704,5528.81,20400,-0.0006000000000000449,-12.240000000000917
394732,1,2021,0.271,271.0200980392157,270.35,0.2704,5528.81,20400,-0.0006000000000000449,-12.240000000000917
411567,1,2021,0.0271,27.110007770007773,26.88,0.0269,17445.29,643500,-0.0001999999999999988,-128.69999999999922
394732,1,2021,0.271,271.0200980392157,270.35,0.2704,5528.81,20400,-0.0006000000000000449,-12.240000000000917
394732,1,2021,0.271,271.0198412698413,270.35,0.2704,5463.76,20160,-0.0006000000000000449,-12.096000000000906
425230,1,2021,0.079,79,78.78,0.0788,16179.2,204800,-0.00020000000000000573,-40.96000000000117
436806,1,2021,0.3149,314.9396258503401,314.27,0.3143,3703.69,11760,-0.0005999999999999894,-7.055999999999876
394738,1,2021,0.3088,308.7696078431373,308.1,0.3081,1889.67,6120,-0.0007000000000000339,-4.284000000000208
353710,1,2021,0.0663,66.2900390625,66.15,0.0662,8145.72,122880,-0.00010000000000000286,-12.288000000000352
353701,1,2021,0.0666,66.56005859375,66.42,0.0664,5452.6,81920,-0.00020000000000000573,-16.38400000000047
394732,1,2021,0.271,271.0200980392157,270.35,0.2704,5528.81,20400,-0.0006000000000000449,-12.240000000000917
394732,1,2021,0.271,271.02021696252467,270.35,0.2704,5496.29,20280,-0.0006000000000000449,-12.168000000000912
417752,11,2021,0.0607,60.67006172839506,64.51,0.0645,1965.71,32400,0.0038000000000000048,123.12000000000016
417752,11,2021,0.0607,60.66995884773662,64.51,0.0645,1474.28,24300,0.0038000000000000048,92.34000000000012
411572,12,2021,0.0633,63.28509350508264,60.67,0.0607,1631.11,25774,-0.002599999999999998,-67.01239999999996
417752,10,2021,0.0607,60.66995884773662,64.51,0.0645,-1474.28,-24300,0.0038000000000000048,-92.34000000000012
411572,10,2021,0.0633,63.28509350508264,60.67,0.0607,-1631.11,-25774,-0.002599999999999998,67.01239999999996
421730,10,2021,0.0584,58.43994140625,62.35,0.0624,1436.22,24576,0.003999999999999997,98.30399999999992
421730,10,2021,0.0584,58.440212673611114,62.35,0.0624,1077.17,18432,0.003999999999999997,73.72799999999994
421730,10,2021,0.0584,58.43994140625,62.35,0.0624,-1436.22,-24576,0.003999999999999997,-98.30399999999992
421730,10,2021,0.0584,58.440212673611114,62.35,0.0624,-1077.17,-18432,0.003999999999999997,-73.72799999999994
417750,10,2021,0.0584,58.43994140625,60.6,0.0606,3590.55,61440,0.0022000000000000006,135.16800000000003
411567,1,2021,0.0271,27.11,26.88,0.0269,12687.48,468000,-0.0001999999999999988,-93.59999999999944
411567,1,2021,0.0271,27.11000502765209,26.88,0.0269,26960.9,994500,-0.0001999999999999988,-198.89999999999878
411567,1,2021,0.0271,27.11000407000407,26.88,0.0269,33304.64,1228500,-0.0001999999999999988,-245.6999999999985
428585,1,2021,0.0266,26.619999999999997,26.4,0.0264,17249.76,648000,-0.0001999999999999988,-129.59999999999923
396399,1,2021,0.082,82.02000777000777,81.35,0.0813,8444.78,102960,-0.0007000000000000062,-72.07200000000064
411567,1,2021,0.0271,27.110017094017095,26.88,0.0269,7929.68,292500,-0.0001999999999999988,-58.499999999999645
394732,1,2021,0.271,271.0200980392157,270.35,0.2704,5528.81,20400,-0.0006000000000000449,-12.240000000000917
394732,1,2021,0.271,271.0200980392157,270.35,0.2704,5528.81,20400,-0.0006000000000000449,-12.240000000000917
411567,1,2021,0.0271,27.11000449842555,26.88,0.0269,30132.77,1111500,-0.0001999999999999988,-222.29999999999865
424499,1,2021,0.0271,27.110009496676163,26.88,0.0269,14273.42,526500,-0.0001999999999999988,-105.29999999999936
428585,1,2021,0.0266,26.62,26.4,0.0264,7666.56,288000,-0.0001999999999999988,-57.59999999999965
396399,1,2021,0.082,82.02000777000777,81.35,0.0813,8444.78,102960,-0.0007000000000000062,-72.07200000000064
394732,1,2021,0.271,271.0200980392157,270.35,0.2704,5528.81,20400,-0.0006000000000000449,-12.240000000000917
394732,1,2021,0.271,271.0200980392157,270.35,0.2704,5528.81,20400,-0.0006000000000000449,-12.240000000000917
394732,1,2021,0.271,271.0200980392157,270.35,0.2704,5528.81,20400,-0.0006000000000000449,-12.240000000000917
402471,1,2021,0.079,79.00000980238394,78.78,0.0788,16118.53,204032,-0.00020000000000000573,-40.80640000000117
394732,1,2021,0.271,271.0200980392157,270.35,0.2704,5528.81,20400,-0.0006000000000000449,-12.240000000000917
394732,1,2021,0.271,271.0200980392157,270.35,0.2704,5528.81,20400,-0.0006000000000000449,-12.240000000000917
394732,1,2021,0.271,271.0200980392157,270.35,0.2704,5528.81,20400,-0.0006000000000000449,-12.240000000000917
394732,1,2021,0.271,271.0200980392157,270.35,0.2704,5528.81,20400,-0.0006000000000000449,-12.240000000000917
417750,3,2021,0.0584,58.43994140625,60.6,0.0606,-3590.55,-61440,0.0022000000000000006,-135.16800000000003
428716,11,2021,0.0584,58.43994140625,17.22,0.0172,2872.44,49152,-0.0412,-2025.0624
428716,11,2021,0.0584,58.43994140625,17.22,0.0172,-2872.44,-49152,-0.0412,2025.0624
417753,11,2021,0.3637,363.6599864130435,60.6,0.0606,4282.46,11776,-0.30310000000000004,-3569.3056000000006
417753,11,2021,0.3637,363.6599864130435,60.6,0.0606,-4282.46,-11776,-0.30310000000000004,3569.3056000000006
411567,1,2021,0.0271,27.11,26.88,0.0269,22203.09,819000,-0.0001999999999999988,-163.79999999999902
411567,1,2021,0.0271,27.11000316555872,26.88,0.0269,42820.25,1579500,-0.0001999999999999988,-315.8999999999981
411567,1,2021,0.0271,27.110003418803416,26.88,0.0269,39648.38,1462500,-0.0001999999999999988,-292.49999999999824
421237,1,2021,0.028,28.02,27.79,0.0278,1639.17,58500,-0.00020000000000000226,-11.700000000000133
421237,1,2021,0.028,28.02,27.79,0.0278,1639.17,58500,-0.00020000000000000226,-11.700000000000133
394732,1,2021,0.271,271.0200980392157,270.35,0.2704,5528.81,20400,-0.0006000000000000449,-12.240000000000917
394732,1,2021,0.271,271.0200980392157,270.35,0.2704,5528.81,20400,-0.0006000000000000449,-12.240000000000917
411567,1,2021,0.0271,27.11002849002849,26.88,0.0269,4757.81,175500,-0.0001999999999999988,-35.09999999999979
353672,1,2021,0.0347,34.70997150997151,34.43,0.0344,4873.28,140400,-0.00030000000000000165,-42.12000000000023
421237,1,2021,0.028,28.02,27.79,0.0278,1639.17,58500,-0.00020000000000000226,-11.700000000000133
402471,1,2021,0.079,78.99999002234993,78.78,0.0788,15835.39,200448,-0.00020000000000000573,-40.08960000000115
353709,1,2021,0.1381,138.1499669312169,137.87,0.1379,8355.31,60480,-0.00020000000000000573,-12.096000000000346
394734,1,2021,0.2937,293.739880952381,293.06,0.2931,4934.83,16800,-0.0005999999999999894,-10.079999999999822
353709,1,2021,0.1381,138.1499669312169,137.87,0.1379,8355.31,60480,-0.00020000000000000573,-12.096000000000346
353709,1,2021,0.1381,138.1499669312169,137.87,0.1379,8355.31,60480,-0.00020000000000000573,-12.096000000000346
425230,1,2021,0.079,79,78.78,0.0788,16179.2,204800,-0.00020000000000000573,-40.96000000000117
411574,7,2021,0.0607,60.66975308641975,58.44,0.0584,982.85,16200,-0.0022999999999999965,-37.25999999999994
411574,7,2021,0.0607,60.66975308641975,58.44,0.0584,982.85,16200,-0.0022999999999999965,-37.25999999999994
411574,7,2021,0.0607,60.66975308641975,58.44,0.0584,-982.85,-16200,-0.0022999999999999965,37.25999999999994
411574,7,2021,0.0607,60.66975308641975,58.44,0.0584,-982.85,-16200,-0.0022999999999999965,37.25999999999994
411574,10,2021,0.0606,60.61009208937198,58.44,0.0584,3211.85,52992,-0.0022000000000000006,-116.58240000000004
411574,10,2021,0.0606,60.61009208937198,58.44,0.0584,-3211.85,-52992,-0.0022000000000000006,116.58240000000004
417750,12,2021,0.0727,72.73199728260869,60.6,0.0606,2141.23,29440,-0.0121,-356.224
411567,12,2021,0.0584,58.440104166666664,27.11,0.0271,1795.28,30720,-0.0313,-961.5360000000001
411567,12,2021,0.0584,58.440104166666664,27.11,0.0271,-1795.28,-30720,-0.0313,961.5360000000001
417748,12,2021,0.0967,96.72817887931035,58.44,0.0584,718.11,7424,-0.038299999999999994,-284.33919999999995
417753,12,2021,0.0693,69.26848796583852,60.6,0.0606,2854.97,41216,-0.0087,-358.57919999999996
417750,12,2021,0.0808,80.81351902173913,60.6,0.0606,1427.49,17664,-0.020199999999999996,-356.8127999999999
417748,12,2021,0.0731,73.05013020833333,58.44,0.0584,3590.56,49152,-0.014699999999999998,-722.5343999999999
417748,12,2021,0.2045,204.54020182291666,58.44,0.0584,2513.39,12288,-0.14609999999999998,-1795.2767999999996
411574,12,2021,0.1753,175.322265625,58.44,0.0584,1077.18,6144,-0.1169,-718.2336
422809,4,2022,0.0633,63.33004115226337,99.54,0.0995,1538.92,24300,0.03620000000000001,879.6600000000002
422809,4,2022,0.0633,63.33024691358025,99.54,0.0995,-1025.95,-16200,0.03620000000000001,-586.4400000000002
417753,4,2022,0.0606,60.60992697010869,96.77,0.0968,2854.97,47104,0.036199999999999996,1705.1647999999998
417750,4,2022,0.0606,60.610280797101446,96.77,0.0968,1070.62,17664,0.036199999999999996,639.4368
417748,4,2022,0.0584,58.440212673611114,93.33,0.0933,1077.17,18432,0.034899999999999994,643.2767999999999
411574,4,2022,0.0584,58.440212673611114,93.33,0.0933,1077.17,18432,0.034899999999999994,643.2767999999999
411574,4,2022,0.0584,58.43994140625,93.33,0.0933,-1436.22,-24576,0.034899999999999994,-857.7023999999999
411567,5,2022,0.0425,42.46,41.1,0.0411,69549.48,1638000,-0.0014000000000000054,-2293.200000000009
411627,5,2022,0.0425,42.46000149947518,41.1,0.0411,22653.26,533520,-0.0014000000000000054,-746.9280000000028
353672,5,2022,0.0546,54.60997150997151,52.87,0.0529,7667.24,140400,-0.0017000000000000001,-238.68
396399,5,2022,0.129,129.04006410256412,124.93,0.1249,8857.31,68640,-0.004100000000000006,-281.42400000000043
396119,5,2022,0.0255,25.469992320869512,24.66,0.0247,8623.63,338580,-0.0007999999999999986,-270.8639999999995
428585,5,2022,0.0418,41.82,40.48,0.0405,18066.24,432000,-0.0012999999999999956,-561.5999999999981
428716,5,2022,0.0272,27.219985875706215,26.36,0.0264,4625.22,169920,-0.0007999999999999986,-135.93599999999978
402430,5,2022,0.1181,118.13997885338347,116.78,0.1168,24134.58,204288,-0.0012999999999999956,-265.5743999999991
353709,5,2022,0.2102,210.19987922705315,208.46,0.2085,3480.91,16560,-0.001700000000000007,-28.15200000000012
417752,6,2022,0.0645,64.5202105978261,100.68,0.1007,759.79,11776,0.036199999999999996,426.29119999999995
417752,6,2022,0.0645,64.51992753623189,100.68,0.1007,1139.68,17664,0.036199999999999996,639.4368
417752,6,2022,0.0645,64.5202105978261,100.68,0.1007,1519.58,23552,0.036199999999999996,852.5823999999999
421730,6,2022,0.0624,62.350260416666664,97.24,0.0972,766.16,12288,0.0348,427.62239999999997
421730,6,2022,0.0623,62.349853515625,97.24,0.0972,1532.31,24576,0.034899999999999994,857.7023999999999
421730,6,2022,0.0624,62.350260416666664,97.24,0.0972,1149.24,18432,0.0348,641.4336
421730,6,2022,0.0623,62.349853515625,97.24,0.0972,1532.31,24576,0.034899999999999994,857.7023999999999
421730,6,2022,0.0623,62.349934895833336,97.24,0.0972,1915.39,30720,0.034899999999999994,1072.1279999999997
421730,6,2022,0.0623,62.349853515625,97.24,0.0972,1532.31,24576,0.034899999999999994,857.7023999999999
411567,6,2022,0.0425,42.46,41.1,0.0411,57129.93,1345500,-0.0014000000000000054,-1883.7000000000073
421237,6,2022,0.0434,43.370017094017086,41.96,0.042,12685.73,292500,-0.0013999999999999985,-409.49999999999955
396399,6,2022,0.129,129.04006410256412,124.93,0.1249,8857.31,68640,-0.004100000000000006,-281.42400000000043
396119,6,2022,0.0255,25.470007088428144,24.66,0.0247,11498.18,451440,-0.0007999999999999986,-361.15199999999936
411627,6,2022,0.0425,42.45999755091355,41.1,0.0411,50277.52,1184115,-0.0014000000000000054,-1657.7610000000063
402430,6,2022,0.1181,118.13997395833334,116.78,0.1168,10887.78,92160,-0.0012999999999999956,-119.8079999999996
402471,6,2022,0.1205,120.5099609375,119.15,0.1192,12340.22,102400,-0.0012999999999999956,-133.11999999999955
402430,6,2022,0.1181,118.13997885338347,116.78,0.1168,24134.58,204288,-0.0012999999999999956,-265.5743999999991
402430,6,2022,0.1181,118.14003906250001,116.78,0.1168,12097.54,102400,-0.0012999999999999956,-133.11999999999955
436806,6,2022,0.4794,479.38988095238096,475.28,0.4753,8053.75,16800,-0.0040999999999999925,-68.87999999999988
436805,6,2022,0.4394,439.3598820058997,435.25,0.4353,8936.58,20340,-0.0040999999999999925,-83.39399999999985
436805,6,2022,0.4394,439.3598820058997,435.25,0.4353,8936.58,20340,-0.0040999999999999925,-83.39399999999985
417752,7,2022,0.0645,64.52004076086956,100.68,0.1007,1899.47,29440,0.036199999999999996,1065.7279999999998
417752,7,2022,0.0645,64.51992753623189,100.68,0.1007,1139.68,17664,0.036199999999999996,639.4368
417752,7,2022,0.0645,64.51992753623189,100.68,0.1007,1139.68,17664,0.036199999999999996,639.4368
417752,7,2022,0.0645,64.5202105978261,100.68,0.1007,1519.58,23552,0.036199999999999996,852.5823999999999
417752,7,2022,0.0645,64.5202105978261,100.68,0.1007,1519.58,23552,0.036199999999999996,852.5823999999999
411567,7,2022,0.0425,42.46000000000001,41.1,0.0411,64581.66,1521000,-0.0014000000000000054,-2129.4000000000083
411567,7,2022,0.0425,42.46,41.1,0.0411,24839.1,585000,-0.0014000000000000054,-819.0000000000032
421237,7,2022,0.0434,43.37008547008547,41.96,0.042,2537.15,58500,-0.0013999999999999985,-81.8999999999999
428716,7,2022,0.0272,27.229990583804142,26.36,0.0264,2313.46,84960,-0.0007999999999999986,-67.96799999999989
394732,7,2022,0.4133,413.32989183874133,409.22,0.4092,8407.13,20340,-0.0040999999999999925,-83.39399999999985
436806,7,2022,0.4794,479.38988095238096,475.28,0.4753,8053.75,16800,-0.0040999999999999925,-68.87999999999988
428585,7,2022,0.0418,41.82,40.48,0.0405,15055.2,360000,-0.0012999999999999956,-467.9999999999984
396119,7,2022,0.0255,25.469992320869512,24.66,0.0247,8623.63,338580,-0.0007999999999999986,-270.8639999999995
396399,7,2022,0.129,129.03999788090698,124.93,0.1249,24357.59,188760,-0.004100000000000006,-773.9160000000012
411627,7,2022,0.0425,42.4600089968511,41.1,0.0411,14158.29,333450,-0.0014000000000000054,-466.8300000000018
402430,7,2022,0.1181,118.13997885338347,116.78,0.1168,24134.58,204288,-0.0012999999999999956,-265.5743999999991
436805,7,2022,0.4394,439.35980392156864,435.25,0.4353,8962.94,20400,-0.0040999999999999925,-83.63999999999984
417752,10,2022,0.0645,64.52004076086956,100.68,0.1007,1899.47,29440,0.036199999999999996,1065.7279999999998
417752,10,2022,0.0645,64.52004076086956,100.68,0.1007,1899.47,29440,0.036199999999999996,1065.7279999999998
417752,10,2022,0.0645,64.52004076086956,100.68,0.1007,1899.47,29440,0.036199999999999996,1065.7279999999998
417752,10,2022,0.0645,64.5202105978261,100.68,0.1007,1519.58,23552,0.036199999999999996,852.5823999999999
417752,10,2022,0.0645,64.52004076086956,100.68,0.1007,1899.47,29440,0.036199999999999996,1065.7279999999998
411567,10,2022,0.0425,42.46,41.1,0.0411,59613.84,1404000,-0.0014000000000000054,-1965.6000000000076
421237,10,2022,0.0434,43.37008547008547,41.96,0.042,2537.15,58500,-0.0013999999999999985,-81.8999999999999
428716,10,2022,0.0272,27.229990583804142,26.36,0.0264,6940.38,254880,-0.0007999999999999986,-203.90399999999966
394734,10,2022,0.4475,447.5,443.39,0.4434,7518,16800,-0.0040999999999999925,-68.87999999999988
394734,10,2022,0.4475,447.5,443.39,0.4434,7518,16800,-0.0040999999999999925,-68.87999999999988
394734,10,2022,0.4475,447.5,443.39,0.4434,3759,8400,-0.0040999999999999925,-34.43999999999994
436805,10,2022,0.4394,439.3598820058997,435.25,0.4353,8936.58,20340,-0.0040999999999999925,-83.39399999999985
436805,10,2022,0.4394,439.35980392156864,435.25,0.4353,4481.47,10200,-0.0040999999999999925,-41.81999999999992
428716,10,2022,0.0272,27.220005492780917,26.36,0.0264,13875.67,509760,-0.0007999999999999986,-407.8079999999993
411627,10,2022,0.0425,42.46000149947518,41.1,0.0411,11326.63,266760,-0.0014000000000000054,-373.4640000000014
411567,11,2022,0.0425,42.46,41.1,0.0411,57129.93,1345500,-0.0014000000000000054,-1883.7000000000073
421237,11,2022,0.0434,43.37002849002849,41.96,0.042,7611.44,175500,-0.0013999999999999985,-245.69999999999973
402430,11,2022,0.1181,118.14003537735849,116.78,0.1168,16029.24,135680,-0.0012999999999999956,-176.3839999999994
436806,11,2022,0.4794,479.38968253968255,475.28,0.4753,6040.31,12600,-0.0040999999999999925,-51.659999999999904
394732,11,2022,0.4133,413.32931726907634,409.22,0.4092,2058.38,4980,-0.0040999999999999925,-20.417999999999964
394732,11,2022,0.4133,413.32988165680473,409.22,0.4092,8382.33,20280,-0.0040999999999999925,-83.14799999999985
402430,11,2022,0.1181,118.13990542763159,116.78,0.1168,2298.53,19456,-0.0012999999999999956,-25.292799999999914
425230,11,2022,0.1205,120.5099826388889,119.15,0.1192,22212.4,184320,-0.0012999999999999956,-239.6159999999992
439743,11,2022,0.1181,118.13997395833334,116.78,0.1168,7258.52,61440,-0.0012999999999999956,-79.87199999999973
417752,12,2022,0.0645,64.51992753623189,100.68,0.1007,2279.36,35328,0.036199999999999996,1278.8736
417752,12,2022,0.0645,64.51992753623189,100.68,0.1007,2279.36,35328,0.036199999999999996,1278.8736
417752,12,2022,0.0645,64.52008928571429,100.68,0.1007,2659.26,41216,0.036199999999999996,1492.0191999999997
417752,12,2022,0.0645,64.51992753623189,100.68,0.1007,2279.36,35328,0.036199999999999996,1278.8736
417752,12,2022,0.0645,64.51992753623189,100.68,0.1007,2279.36,35328,0.036199999999999996,1278.8736
411567,12,2022,0.0425,42.46,41.1,0.0411,49678.2,1170000,-0.0014000000000000054,-1638.0000000000064
411567,12,2022,0.0425,42.46,41.1,0.0411,29806.92,702000,-0.0014000000000000054,-982.8000000000038
411567,12,2022,0.0425,42.46000000000001,41.1,0.0411,64581.66,1521000,-0.0014000000000000054,-2129.4000000000083
421237,12,2022,0.0434,43.37008547008547,41.96,0.042,2537.15,58500,-0.0013999999999999985,-81.8999999999999
428716,12,2022,0.0272,27.229990583804142,26.36,0.0264,11567.3,424800,-0.0007999999999999986,-339.8399999999994
394732,12,2022,0.4133,413.32990196078435,409.22,0.4092,8431.93,20400,-0.0040999999999999925,-83.63999999999984
353672,12,2022,0.0546,54.61004273504273,52.87,0.0529,5111.5,93600,-0.0017000000000000001,-159.12
421237,12,2022,0.0434,43.37008547008547,41.96,0.042,2537.15,58500,-0.0013999999999999985,-81.8999999999999
411627,12,2022,0.0425,42.45999614420667,41.1,0.0411,19821.6,466830,-0.0014000000000000054,-653.5620000000025
424499,12,2022,0.0425,42.46,41.1,0.0411,9935.64,234000,-0.0014000000000000054,-327.6000000000013
428716,12,2022,0.0272,27.219985875706215,26.36,0.0264,9250.44,339840,-0.0007999999999999986,-271.87199999999956
428715,12,2022,0.0272,27.219985875706215,26.36,0.0264,2312.61,84960,-0.0007999999999999986,-67.96799999999989
353672,12,2022,0.0546,54.60997150997151,52.87,0.0529,7667.24,140400,-0.0017000000000000001,-238.68
428716,12,2022,0.0272,27.220002690341673,26.36,0.0264,16188.28,594720,-0.0007999999999999986,-475.77599999999916
411627,12,2022,0.0425,42.46000149947518,41.1,0.0411,22653.26,533520,-0.0014000000000000054,-746.9280000000028
396399,12,2022,0.129,129.04001554001553,124.93,0.1249,13285.96,102960,-0.004100000000000006,-422.13600000000065
421237,12,2022,0.0434,43.37008547008547,41.96,0.042,2537.15,58500,-0.0013999999999999985,-81.8999999999999
425230,12,2022,0.1205,120.50997717254408,119.15,0.1192,24495.34,203264,-0.0012999999999999956,-264.2431999999991
425230,12,2022,0.1205,120.51000976562501,119.15,0.1192,24680.45,204800,-0.0012999999999999956,-266.2399999999991
394732,12,2022,0.4133,413.32990196078435,409.22,0.4092,8431.93,20400,-0.0040999999999999925,-83.63999999999984
394732,12,2022,0.4133,413.32990196078435,409.22,0.4092,8431.93,20400,-0.0040999999999999925,-83.63999999999984
394732,12,2022,0.4133,413.32990196078435,409.22,0.4092,8431.93,20400,-0.0040999999999999925,-83.63999999999984
394732,12,2022,0.4133,413.32990196078435,409.22,0.4092,8431.93,20400,-0.0040999999999999925,-83.63999999999984
417752,1,2022,0.0645,64.5202105978261,100.68,0.1007,1519.58,23552,0.036199999999999996,852.5823999999999
417752,1,2022,0.0645,64.51992753623189,100.68,0.1007,2279.36,35328,0.036199999999999996,1278.8736
417752,1,2022,0.0645,64.5202105978261,100.68,0.1007,1519.58,23552,0.036199999999999996,852.5823999999999
417752,1,2022,0.0645,64.51992753623189,100.68,0.1007,2279.36,35328,0.036199999999999996,1278.8736
417752,1,2022,0.0645,64.51992753623189,100.68,0.1007,2279.36,35328,0.036199999999999996,1278.8736
417752,1,2022,0.0645,64.51992753623189,100.68,0.1007,2279.36,35328,0.036199999999999996,1278.8736
417752,1,2022,0.0645,64.5202105978261,100.68,0.1007,1519.58,23552,0.036199999999999996,852.5823999999999
417752,1,2022,0.0645,64.5202105978261,100.68,0.1007,1519.58,23552,0.036199999999999996,852.5823999999999
417752,1,2022,0.0645,64.52008928571429,100.68,0.1007,2659.26,41216,0.036199999999999996,1492.0191999999997
417752,1,2022,0.0645,64.52008928571429,100.68,0.1007,2659.26,41216,0.036199999999999996,1492.0191999999997
417752,1,2022,0.0645,64.5202105978261,100.68,0.1007,759.79,11776,0.036199999999999996,426.29119999999995
421730,1,2022,0.0624,62.350260416666664,97.24,0.0972,1149.24,18432,0.0348,641.4336
421730,1,2022,0.0624,62.350260416666664,97.24,0.0972,1149.24,18432,0.0348,641.4336
417750,1,2022,0.0933,93.330078125,96.77,0.0968,2293.68,24576,0.003500000000000003,86.01600000000008
417750,1,2022,0.0933,93.330078125,96.77,0.0968,-2293.68,-24576,0.003500000000000003,-86.01600000000008
417752,1,2022,0.0645,64.51999830163044,100.68,0.1007,3039.15,47104,0.036199999999999996,1705.1647999999998
417752,1,2022,0.0645,64.51992753623189,100.68,0.1007,2279.36,35328,0.036199999999999996,1278.8736
417752,1,2022,0.0645,64.51999830163044,100.68,0.1007,3039.15,47104,0.036199999999999996,1705.1647999999998
417752,1,2022,0.0645,64.51992753623189,100.68,0.1007,2279.36,35328,0.036199999999999996,1278.8736
417752,1,2022,0.0645,64.51996797360249,100.68,0.1007,5318.51,82432,0.036199999999999996,2984.0383999999995
417752,1,2022,0.0645,64.51992753623189,100.68,0.1007,2279.36,35328,0.036199999999999996,1278.8736
417752,1,2022,0.0645,64.52008928571429,100.68,0.1007,2659.26,41216,0.036199999999999996,1492.0191999999997
417752,1,2022,0.0645,64.51992753623189,100.68,0.1007,2279.36,35328,0.036199999999999996,1278.8736
417752,1,2022,0.0645,64.51992753623189,100.68,0.1007,2279.36,35328,0.036199999999999996,1278.8736
417752,1,2022,0.0645,64.52004076086956,100.68,0.1007,1899.47,29440,0.036199999999999996,1065.7279999999998
417752,1,2022,0.0645,64.52004076086956,100.68,0.1007,1899.47,29440,0.036199999999999996,1065.7279999999998
417752,1,2022,0.0645,64.5202105978261,100.68,0.1007,759.79,11776,0.036199999999999996,426.29119999999995
417752,1,2022,0.0645,64.5202105978261,100.68,0.1007,1519.58,23552,0.036199999999999996,852.5823999999999
417752,1,2022,0.0645,64.52004076086956,100.68,0.1007,1899.47,29440,0.036199999999999996,1065.7279999999998
417752,1,2022,0.0645,64.51936141304347,100.68,0.1007,379.89,5888,0.036199999999999996,213.14559999999997
417752,1,2022,0.0645,64.51936141304347,100.68,0.1007,379.89,5888,0.036199999999999996,213.14559999999997
417752,1,2022,0.0645,64.51936141304347,100.68,0.1007,379.89,5888,0.036199999999999996,213.14559999999997
417752,1,2022,0.0645,64.5202105978261,100.68,0.1007,759.79,11776,0.036199999999999996,426.29119999999995
417752,1,2022,0.0645,64.51936141304347,100.68,0.1007,379.89,5888,0.036199999999999996,213.14559999999997
417752,1,2022,0.0645,64.5202105978261,100.68,0.1007,759.79,11776,0.036199999999999996,426.29119999999995
417752,1,2022,0.0645,64.5202105978261,100.68,0.1007,759.79,11776,0.036199999999999996,426.29119999999995
417752,1,2022,0.0645,64.5202105978261,100.68,0.1007,1519.58,23552,0.036199999999999996,852.5823999999999
417752,1,2022,0.0645,64.5202105978261,100.68,0.1007,759.79,11776,0.036199999999999996,426.29119999999995
411567,2,2022,0.0425,42.46,41.1,0.0411,22355.19,526500,-0.0014000000000000054,-737.1000000000029
421237,2,2022,0.0434,43.37002849002849,41.96,0.042,7611.44,175500,-0.0013999999999999985,-245.69999999999973
424499,2,2022,0.0425,42.46,41.1,0.0411,4967.82,117000,-0.0014000000000000054,-163.80000000000064
428713,2,2022,0.0425,42.53999999999999,41.17,0.0412,36754.56,864000,-0.0013000000000000025,-1123.200000000002
425230,2,2022,0.1191,119.14999999999999,119.15,0.1192,24401.92,204800,0.00010000000000000286,20.480000000000587
425230,4,2022,0.1191,119.14999999999999,119.15,0.1192,24401.92,204800,0.00010000000000000286,20.480000000000587
425230,4,2022,0.1191,119.14999999999999,119.15,0.1192,24401.92,204800,0.00010000000000000286,20.480000000000587
411574,7,2022,0.0615,61.51581345942982,93.33,0.0933,7181.11,116736,0.031799999999999995,3712.2047999999995
402471,9,2022,0.1191,119.14999999999999,119.15,0.1192,24401.92,204800,0.00010000000000000286,20.480000000000587
402471,9,2022,0.1191,119.14999999999999,119.15,0.1192,24401.92,204800,0.00010000000000000286,20.480000000000587
402471,9,2022,0.1191,119.14999999999999,119.15,0.1192,24401.92,204800,0.00010000000000000286,20.480000000000587
417752,2,2022,0.0645,64.51984666149069,100.68,0.1007,2659.25,41216,0.036199999999999996,1492.0191999999997
421730,2,2022,0.0624,62.350260416666664,97.24,0.0972,1149.24,18432,0.0348,641.4336
417752,2,2022,0.0645,64.51992753623189,100.68,0.1007,2279.36,35328,0.036199999999999996,1278.8736
417752,2,2022,0.0645,64.51992753623189,100.68,0.1007,2279.36,35328,0.036199999999999996,1278.8736
417752,2,2022,0.0645,64.51992753623189,100.68,0.1007,2279.36,35328,0.036199999999999996,1278.8736
439745,2,2022,0.1005,100.45001220703125,100.45,0.1004,16457.73,163840,-0.00010000000000000286,-16.38400000000047
425230,2,2022,0.1191,119.14999999999999,119.15,0.1192,12200.96,102400,0.00010000000000000286,10.240000000000293
425233,2,2022,0.0799,79.91004774305556,120.52,0.1205,7364.51,92160,0.0406,3741.696
417750,2,2022,0.0911,91.11875377415458,96.77,0.0968,9657.13,105984,0.005699999999999997,604.1087999999996
411574,2,2022,0.1422,142.158203125,93.33,0.0933,1746.84,12288,-0.0489,-600.8832
425230,2,2022,0.1191,119.14999999999999,119.15,0.1192,18301.44,153600,0.00010000000000000286,15.36000000000044
425230,2,2022,0.1191,119.14990234375,119.15,0.1192,2440.19,20480,0.00010000000000000286,2.0480000000000587
411574,2,2022,0.1007,100.69010416666666,93.33,0.0933,1778.59,17664,-0.007400000000000004,-130.71360000000007
411574,2,2022,0.1007,100.69010416666666,93.33,0.0933,1778.59,17664,-0.007400000000000004,-130.71360000000007
411574,2,2022,0.0953,95.31582446808511,93.33,0.0933,1146.84,12032,-0.0020000000000000018,-24.06400000000002
411574,2,2022,0.1007,100.69010416666666,93.33,0.0933,-1778.59,-17664,-0.007400000000000004,130.71360000000007
411574,2,2022,0.1007,100.69010416666666,93.33,0.0933,-1778.59,-17664,-0.007400000000000004,130.71360000000007
439745,2,2022,0.1005,100.45001775568183,100.45,0.1004,11314.69,112640,-0.00010000000000000286,-11.264000000000323
436804,2,2022,0.1194,119.44005684465569,180.13,0.1801,10253.69,85848,0.060700000000000004,5210.9736
425230,1,2022,0.1191,119.14995659722223,120.51,0.1205,10980.86,92160,0.0013999999999999985,129.02399999999986
394732,1,2022,0.4092,409.21992110453647,413.33,0.4133,4149.49,10140,0.0040999999999999925,41.57399999999993
425233,1,2022,0.1205,120.51996527777779,121.88,0.1219,11107.12,92160,0.0013999999999999985,129.02399999999986
425233,1,2022,0.0799,79.91004774305556,121.88,0.1219,-7364.51,-92160,0.041999999999999996,-3870.72
439743,1,2022,0.1168,116.78000957520891,118.14,0.1181,21465.1,183808,0.0012999999999999956,238.9503999999992
439745,1,2022,0.1005,100.45019531249999,101.32,0.1013,1028.61,10240,0.0007999999999999952,8.19199999999995
411567,1,2022,0.0411,41.099999999999994,42.46,0.0425,31256.55,760500,0.0014000000000000054,1064.7000000000041
421237,1,2022,0.042,41.959999999999994,43.37,0.0434,2454.66,58500,0.0013999999999999985,81.8999999999999
428715,1,2022,0.0264,26.369997645951035,27.22,0.0272,17923.16,679680,0.0007999999999999986,543.7439999999991
428716,1,2022,0.0264,26.369997645951035,27.22,0.0272,8961.58,339840,0.0007999999999999986,271.87199999999956
394732,1,2022,0.4092,409.2200980392157,413.33,0.4133,8348.09,20400,0.0040999999999999925,83.63999999999984
439743,1,2022,0.1168,116.77998707706767,118.14,0.1181,23856.75,204288,0.0012999999999999956,265.5743999999991
436805,1,2022,0.4353,435.25,439.36,0.4394,8879.1,20400,0.0040999999999999925,83.63999999999984
394732,1,2022,0.4092,409.2200980392157,413.33,0.4133,8348.09,20400,0.0040999999999999925,83.63999999999984
394732,1,2022,0.4092,409.2200980392157,413.33,0.4133,8348.09,20400,0.0040999999999999925,83.63999999999984
394732,1,2022,0.4092,409.2200980392157,413.33,0.4133,8348.09,20400,0.0040999999999999925,83.63999999999984
394732,1,2022,0.4092,409.2200980392157,413.33,0.4133,8348.09,20400,0.0040999999999999925,83.63999999999984
394732,1,2022,0.4092,409.2196078431373,413.33,0.4133,4174.04,10200,0.0040999999999999925,41.81999999999992
394734,1,2022,0.4434,443.3904761904762,447.5,0.4475,3724.48,8400,0.0040999999999999925,34.43999999999994
425230,4,2022,0.1191,119.14999999999999,119.15,0.1192,12200.96,102400,0.00010000000000000286,10.240000000000293
439745,7,2022,0.1005,100.45001775568183,100.45,0.1004,11314.69,112640,-0.00010000000000000286,-11.264000000000323
436805,11,2022,0.4352,435.24999999999994,435.25,0.4353,1775.82,4080,0.0001000000000000445,0.40800000000018155
425230,3,2022,0.1191,119.1499980370603,119.15,0.1192,24279.91,203776,0.00010000000000000286,20.377600000000584
439745,3,2022,0.1005,100.45000195802005,100.45,0.1004,20520.73,204288,-0.00010000000000000286,-20.428800000000585
425230,3,2022,0.1191,119.14999999999999,119.15,0.1192,24401.92,204800,0.00010000000000000286,20.480000000000587
425230,3,2022,0.1191,119.14999405139594,119.15,0.1192,24035.89,201728,0.00010000000000000286,20.172800000000578
